"CT School Day SAT, 2016-17"
"All Districts, All Subjects, High Needs (F/R, EL or SWD)"

"",,,,,,,,"Level 1Not Met",,"Level 2Approaching",,"Level 3Met",,"Level 4Exceeded",,"Level 3&4Met or Exceeded",,""
"District","District Code","Subject","High Needs (F, R, ELL or SWD)","Total Numberof Students","Total NumberTested","Connecticut School Day SATParticipationRate","Total Numberwith Scored Tests","Count","%","Count","%","Count","%","Count","%","Count","%","AverageScore"
"Achievement First Hartford Academy Inc. District","=""2880013""","ELA","Y",39,39,100.0,39,"*","*",10,25.6,22,56.4,"*","*","*","*",488
"Achievement First Hartford Academy Inc. District","=""2880013""","Math","Y",39,39,100.0,38,"*","*",20,52.6,13,34.2,"*","*","*","*",494
"Amistad Academy District","=""2790013""","ELA","Y",30,29,96.7,28,"*","*","*","*","*","*",0,0.0,"*","*",500
"Amistad Academy District","=""2790013""","ELA","N",20,19,95.0,19,"*","*","*","*","*","*","*","*","*","*","*"
"Amistad Academy District","=""2790013""","Math","Y",30,29,96.7,28,"*","*","*","*","*","*",0,0.0,"*","*",466
"Amistad Academy District","=""2790013""","Math","N",20,19,95.0,19,"*","*","*","*","*","*","*","*","*","*","*"
"Ansonia School District","=""0020011""","ELA","Y",94,87,92.6,87,"*","*",17,19.5,33,37.9,"*","*","*","*",451
"Ansonia School District","=""0020011""","ELA","N",40,40,100.0,40,"*","*",9,22.5,19,47.5,"*","*","*","*",536
"Ansonia School District","=""0020011""","Math","Y",94,87,92.6,86,47,54.7,32,37.2,"*","*","*","*",7,8.1,422
"Ansonia School District","=""0020011""","Math","N",40,40,100.0,40,"*","*",16,40.0,10,25.0,"*","*","*","*",490
"Area Cooperative Educational Services","=""2440014""","ELA","Y",18,15,"*",15,"*","*","*","*","*","*","*","*","*","*","*"
"Area Cooperative Educational Services","=""2440014""","Math","Y",18,15,"*",13,"*","*","*","*","*","*","*","*","*","*","*"
"Avon School District","=""0040011""","ELA","Y",42,40,95.2,40,"*","*",13,32.5,15,37.5,"*","*","*","*",482
"Avon School District","=""0040011""","ELA","N",243,242,99.6,242,"*","*",6,2.5,105,43.4,"*","*","*","*",623
"Avon School District","=""0040011""","Math","Y",42,40,95.2,40,"*","*",14,35.0,11,27.5,"*","*","*","*",498
"Avon School District","=""0040011""","Math","N",243,242,99.6,242,"*","*",32,13.2,93,38.4,"*","*","*","*",630
"Berlin School District","=""0070011""","ELA","Y",50,49,98.0,49,19,38.8,9,18.4,21,42.9,0,0.0,21,42.9,453
"Berlin School District","=""0070011""","ELA","N",168,167,99.4,167,6,3.6,24,14.4,100,59.9,37,22.2,137,82.0,557
"Berlin School District","=""0070011""","Math","Y",50,49,98.0,49,17,34.7,26,53.1,6,12.2,0,0.0,6,12.2,438
"Berlin School District","=""0070011""","Math","N",168,167,99.4,167,10,6.0,65,38.9,66,39.5,26,15.6,92,55.1,548
"Bethel School District","=""0090011""","ELA","Y",49,45,91.8,45,"*","*",7,15.6,26,57.8,"*","*","*","*",496
"Bethel School District","=""0090011""","ELA","N",150,149,99.3,149,"*","*",22,14.8,82,55.0,"*","*","*","*",563
"Bethel School District","=""0090011""","Math","Y",49,45,91.8,45,11,24.4,22,48.9,"*","*","*","*",12,26.7,478
"Bethel School District","=""0090011""","Math","N",150,149,99.3,149,"*","*",61,40.9,60,40.3,"*","*","*","*",541
"Bloomfield School District","=""0110011""","ELA","Y",80,78,97.5,78,"*","*",25,32.1,31,39.7,"*","*","*","*",461
"Bloomfield School District","=""0110011""","ELA","N",80,76,95.0,76,"*","*",24,31.6,33,43.4,"*","*","*","*",489
"Bloomfield School District","=""0110011""","Math","Y",80,78,97.5,78,31,39.7,39,50.0,8,10.3,0,0.0,8,10.3,434
"Bloomfield School District","=""0110011""","Math","N",80,76,95.0,76,15,19.7,46,60.5,"*","*","*","*",15,19.7,467
"Bolton School District","=""0120011""","ELA","Y",15,15,"*",15,"*","*","*","*","*","*","*","*","*","*","*"
"Bolton School District","=""0120011""","ELA","N",64,64,100.0,64,"*","*","*","*","*","*","*","*","*","*",584
"Bolton School District","=""0120011""","Math","Y",15,15,"*",15,"*","*","*","*","*","*","*","*","*","*","*"
"Bolton School District","=""0120011""","Math","N",64,64,100.0,64,"*","*","*","*","*","*","*","*","*","*",546
"Branford School District","=""0140011""","ELA","Y",75,72,96.0,72,"*","*",23,31.9,23,31.9,"*","*","*","*",470
"Branford School District","=""0140011""","ELA","N",144,143,99.3,143,"*","*",15,10.5,98,68.5,"*","*","*","*",552
"Branford School District","=""0140011""","Math","Y",75,72,96.0,72,31,43.1,25,34.7,"*","*","*","*",16,22.2,442
"Branford School District","=""0140011""","Math","N",144,143,99.3,143,"*","*",58,40.6,57,39.9,"*","*","*","*",541
"Bridgeport Achievement First District","=""2850013""","ELA","Y",18,17,"*",17,"*","*","*","*","*","*","*","*","*","*","*"
"Bridgeport Achievement First District","=""2850013""","ELA","N",18,17,"*",17,"*","*","*","*","*","*","*","*","*","*","*"
"Bridgeport Achievement First District","=""2850013""","Math","Y",18,17,"*",17,"*","*","*","*","*","*","*","*","*","*","*"
"Bridgeport Achievement First District","=""2850013""","Math","N",18,17,"*",17,"*","*","*","*","*","*","*","*","*","*","*"
"Bridgeport School District","=""0150011""","ELA","Y",756,670,88.6,670,380,56.7,148,22.1,133,19.9,9,1.3,142,21.2,419
"Bridgeport School District","=""0150011""","ELA","N",491,473,96.3,473,110,23.3,107,22.6,208,44.0,48,10.1,256,54.1,493
"Bridgeport School District","=""0150011""","Math","Y",756,670,88.6,664,406,61.1,208,31.3,"*","*","*","*",50,7.5,400
"Bridgeport School District","=""0150011""","Math","N",491,473,96.3,472,131,27.8,210,44.5,"*","*","*","*",131,27.8,474
"Bristol School District","=""0170011""","ELA","Y",242,235,97.1,235,91,38.7,55,23.4,76,32.3,13,5.5,89,37.9,459
"Bristol School District","=""0170011""","ELA","N",322,317,98.4,317,16,5.0,47,14.8,202,63.7,52,16.4,254,80.1,545
"Bristol School District","=""0170011""","Math","Y",242,235,97.1,234,96,41.0,99,42.3,"*","*","*","*",39,16.7,438
"Bristol School District","=""0170011""","Math","N",322,317,98.4,317,"*","*",161,50.8,109,34.4,"*","*","*","*",518
"Brookfield School District","=""0180011""","ELA","Y",39,35,89.7,35,"*","*",10,28.6,20,57.1,"*","*","*","*",503
"Brookfield School District","=""0180011""","ELA","N",175,172,98.3,172,"*","*",12,7.0,111,64.5,"*","*","*","*",584
"Brookfield School District","=""0180011""","Math","Y",39,35,89.7,35,"*","*",15,42.9,11,31.4,"*","*","*","*",502
"Brookfield School District","=""0180011""","Math","N",175,172,98.3,172,"*","*",57,33.1,81,47.1,"*","*","*","*",564
"Brooklyn School District","=""0190011""","ELA","Y","*","*","*","*","*","*","*","*","*","*","*","*","*","*","*"
"Brooklyn School District","=""0190011""","Math","Y","*","*","*","*","*","*","*","*","*","*","*","*","*","*","*"
"Canton School District","=""0230011""","ELA","Y",26,23,88.5,23,"*","*","*","*",12,52.2,"*","*","*","*",535
"Canton School District","=""0230011""","ELA","N",92,92,100.0,92,"*","*","*","*",42,45.7,"*","*","*","*",630
"Canton School District","=""0230011""","Math","Y",26,23,88.5,23,"*","*",11,47.8,6,26.1,"*","*","*","*",494
"Canton School District","=""0230011""","Math","N",92,92,100.0,92,"*","*",20,21.7,43,46.7,"*","*","*","*",591
"Capital Preparatory Harbor School Inc. District","=""2970013""","ELA","Y",17,17,"*",17,"*","*","*","*","*","*","*","*","*","*","*"
"Capital Preparatory Harbor School Inc. District","=""2970013""","ELA","N",16,16,"*",16,"*","*","*","*","*","*","*","*","*","*","*"
"Capital Preparatory Harbor School Inc. District","=""2970013""","Math","Y",17,17,"*",17,"*","*","*","*","*","*","*","*","*","*","*"
"Capital Preparatory Harbor School Inc. District","=""2970013""","Math","N",16,16,"*",16,"*","*","*","*","*","*","*","*","*","*","*"
"Capitol Region Education Council","=""2410014""","ELA","Y",330,311,94.2,311,96,30.9,84,27.0,114,36.7,17,5.5,131,42.1,467
"Capitol Region Education Council","=""2410014""","ELA","N",239,239,100.0,239,18,7.5,56,23.4,112,46.9,53,22.2,165,69.0,541
"Capitol Region Education Council","=""2410014""","Math","Y",330,311,94.2,310,129,41.6,142,45.8,32,10.3,7,2.3,39,12.6,435
"Capitol Region Education Council","=""2410014""","Math","N",239,239,100.0,239,57,23.8,96,40.2,56,23.4,30,12.6,86,36.0,503
"Cheshire School District","=""0250011""","ELA","Y",63,54,85.7,54,"*","*",16,29.6,26,48.1,"*","*","*","*",476
"Cheshire School District","=""0250011""","ELA","N",275,272,98.9,272,"*","*",17,6.3,157,57.7,"*","*","*","*",593
"Cheshire School District","=""0250011""","Math","Y",63,54,85.7,52,16,30.8,20,38.5,"*","*","*","*",16,30.8,472
"Cheshire School District","=""0250011""","Math","N",275,272,98.9,272,"*","*",69,25.4,129,47.4,"*","*","*","*",581
"Clinton School District","=""0270011""","ELA","Y",30,30,100.0,30,"*","*","*","*",9,30.0,0,0.0,9,30.0,434
"Clinton School District","=""0270011""","ELA","N",97,94,96.9,94,"*","*","*","*",52,55.3,31,33.0,83,88.3,579
"Clinton School District","=""0270011""","Math","Y",30,30,100.0,29,15,51.7,"*","*","*","*",0,0.0,"*","*",418
"Clinton School District","=""0270011""","Math","N",97,94,96.9,94,"*","*",37,39.4,"*","*",8,8.5,"*","*",532
"Colchester School District","=""0280011""","ELA","Y",49,48,98.0,48,"*","*",11,22.9,18,37.5,"*","*","*","*",470
"Colchester School District","=""0280011""","ELA","N",172,170,98.8,170,"*","*",21,12.4,107,62.9,"*","*","*","*",560
"Colchester School District","=""0280011""","Math","Y",49,48,98.0,48,14,29.2,22,45.8,"*","*","*","*",12,25.0,462
"Colchester School District","=""0280011""","Math","N",172,170,98.8,170,"*","*",50,29.4,83,48.8,"*","*","*","*",549
"Common Ground High School District","=""2680013""","ELA","Y",22,22,100.0,22,"*","*","*","*",6,27.3,"*","*","*","*",477
"Common Ground High School District","=""2680013""","ELA","N",21,21,100.0,21,"*","*","*","*",9,42.9,"*","*","*","*",551
"Common Ground High School District","=""2680013""","Math","Y",22,22,100.0,22,"*","*",8,36.4,"*","*",0,0.0,"*","*",415
"Common Ground High School District","=""2680013""","Math","N",21,21,100.0,21,"*","*",8,38.1,"*","*","*","*","*","*",510
"Connecticut Technical High School System","=""9000016""","ELA","Y",1274,1271,99.8,1271,359,28.2,418,32.9,469,36.9,25,2.0,494,38.9,460
"Connecticut Technical High School System","=""9000016""","ELA","N",1217,1210,99.4,1210,209,17.3,351,29.0,610,50.4,40,3.3,650,53.7,485
"Connecticut Technical High School System","=""9000016""","Math","Y",1274,1271,99.8,1269,444,35.0,699,55.1,116,9.1,10,0.8,126,9.9,439
"Connecticut Technical High School System","=""9000016""","Math","N",1217,1210,99.4,1209,265,21.9,716,59.2,210,17.4,18,1.5,228,18.9,467
"Cooperative Educational Services","=""2430014""","ELA","Y",16,15,"*",15,"*","*","*","*","*","*","*","*","*","*","*"
"Cooperative Educational Services","=""2430014""","Math","Y",16,15,"*",15,"*","*","*","*","*","*","*","*","*","*","*"
"Coventry School District","=""0320011""","ELA","Y",36,32,88.9,32,"*","*",11,34.4,9,28.1,"*","*","*","*",483
"Coventry School District","=""0320011""","ELA","N",84,83,98.8,83,"*","*",6,7.2,46,55.4,"*","*","*","*",580
"Coventry School District","=""0320011""","Math","Y",36,32,88.9,32,"*","*",17,53.1,"*","*","*","*","*","*",467
"Coventry School District","=""0320011""","Math","N",84,83,98.8,83,"*","*",21,25.3,"*","*","*","*","*","*",557
"Cromwell School District","=""0330011""","ELA","Y",32,31,96.9,31,"*","*",6,19.4,10,32.3,"*","*","*","*",446
"Cromwell School District","=""0330011""","ELA","N",119,118,99.2,118,"*","*",8,6.8,77,65.3,"*","*","*","*",571
"Cromwell School District","=""0330011""","Math","Y",32,31,96.9,31,10,32.3,15,48.4,6,19.4,0,0.0,6,19.4,448
"Cromwell School District","=""0330011""","Math","N",119,118,99.2,118,9,7.6,37,31.4,54,45.8,18,15.3,72,61.0,549
"Danbury School District","=""0340011""","ELA","Y",343,328,95.6,328,134,40.9,81,24.7,104,31.7,9,2.7,113,34.5,446
"Danbury School District","=""0340011""","ELA","N",352,346,98.3,346,25,7.2,51,14.7,209,60.4,61,17.6,270,78.0,540
"Danbury School District","=""0340011""","Math","Y",343,328,95.6,326,156,47.9,130,39.9,"*","*","*","*",40,12.3,428
"Danbury School District","=""0340011""","Math","N",352,346,98.3,344,"*","*",173,50.3,103,29.9,"*","*","*","*",502
"Darien School District","=""0350011""","ELA","Y",55,50,90.9,50,"*","*","*","*",34,68.0,6,12.0,40,80.0,540
"Darien School District","=""0350011""","ELA","N",284,275,96.8,275,"*","*","*","*",96,34.9,172,62.5,268,97.5,643
"Darien School District","=""0350011""","Math","Y",55,50,90.9,49,"*","*",16,32.7,23,46.9,"*","*","*","*",540
"Darien School District","=""0350011""","Math","N",284,275,96.8,275,"*","*","*","*",96,34.9,152,55.3,248,90.2,650
"Derby School District","=""0370011""","ELA","Y",45,44,97.8,44,"*","*",9,20.5,15,34.1,"*","*","*","*",442
"Derby School District","=""0370011""","ELA","N",38,38,100.0,38,"*","*",6,15.8,18,47.4,"*","*","*","*",539
"Derby School District","=""0370011""","Math","Y",45,44,97.8,44,"*","*",16,36.4,"*","*","*","*","*","*",425
"Derby School District","=""0370011""","Math","N",38,38,100.0,37,"*","*",15,40.5,"*","*","*","*","*","*",523
"East Granby School District","=""0400011""","ELA","Y",6,"*","*","*","*","*","*","*","*","*","*","*","*","*","*"
"East Granby School District","=""0400011""","ELA","N",52,"*","*","*",0,0.0,"*","*","*","*","*","*","*","*","*"
"East Granby School District","=""0400011""","Math","Y",6,"*","*","*","*","*","*","*","*","*","*","*","*","*","*"
"East Granby School District","=""0400011""","Math","N",52,"*","*","*","*","*","*","*","*","*","*","*","*","*","*"
"East Haddam School District","=""0410011""","ELA","Y",19,17,"*",17,"*","*","*","*","*","*","*","*","*","*","*"
"East Haddam School District","=""0410011""","ELA","N",64,63,98.4,63,"*","*","*","*","*","*","*","*","*","*",541
"East Haddam School District","=""0410011""","Math","Y",19,17,"*",17,"*","*","*","*","*","*","*","*","*","*","*"
"East Haddam School District","=""0410011""","Math","N",64,63,98.4,63,"*","*","*","*","*","*","*","*","*","*",491
"East Hampton School District","=""0420011""","ELA","Y",26,25,96.2,25,"*","*","*","*",12,48.0,0,0.0,12,48.0,480
"East Hampton School District","=""0420011""","ELA","N",81,81,100.0,81,"*","*","*","*",50,61.7,20,24.7,70,86.4,573
"East Hampton School District","=""0420011""","Math","Y",26,25,96.2,25,"*","*",10,40.0,"*","*",0,0.0,"*","*",440
"East Hampton School District","=""0420011""","Math","N",81,81,100.0,81,"*","*",36,44.4,"*","*",13,16.0,"*","*",540
"East Hartford School District","=""0430011""","ELA","Y",282,256,90.8,256,123,48.0,65,25.4,55,21.5,13,5.1,68,26.6,435
"East Hartford School District","=""0430011""","ELA","N",188,186,98.9,186,25,13.4,45,24.2,93,50.0,23,12.4,116,62.4,514
"East Hartford School District","=""0430011""","Math","Y",282,256,90.8,247,121,49.0,82,33.2,37,15.0,7,2.8,44,17.8,432
"East Hartford School District","=""0430011""","Math","N",188,186,98.9,186,38,20.4,84,45.2,49,26.3,15,8.1,64,34.4,492
"East Haven School District","=""0440011""","ELA","Y",115,107,93.0,107,"*","*",31,29.0,42,39.3,"*","*","*","*",469
"East Haven School District","=""0440011""","ELA","N",113,110,97.3,110,"*","*",26,23.6,64,58.2,"*","*","*","*",504
"East Haven School District","=""0440011""","Math","Y",115,107,93.0,107,35,32.7,59,55.1,13,12.1,0,0.0,13,12.1,442
"East Haven School District","=""0440011""","Math","N",113,110,97.3,110,"*","*",66,60.0,25,22.7,"*","*","*","*",480
"East Lyme School District","=""0450011""","ELA","Y",52,49,94.2,49,"*","*",12,24.5,21,42.9,"*","*","*","*",498
"East Lyme School District","=""0450011""","ELA","N",229,225,98.3,225,"*","*",9,4.0,131,58.2,"*","*","*","*",594
"East Lyme School District","=""0450011""","Math","Y",52,49,94.2,49,18,36.7,20,40.8,"*","*","*","*",11,22.4,462
"East Lyme School District","=""0450011""","Math","N",229,225,98.3,225,"*","*",74,32.9,83,36.9,"*","*","*","*",574
"East Windsor School District","=""0470011""","ELA","Y",38,37,97.4,37,11,29.7,"*","*",14,37.8,"*","*","*","*",479
"East Windsor School District","=""0470011""","ELA","N",51,50,98.0,50,0,0.0,"*","*",38,76.0,"*","*","*","*",534
"East Windsor School District","=""0470011""","Math","Y",38,37,97.4,37,"*","*",12,32.4,6,16.2,"*","*","*","*",444
"East Windsor School District","=""0470011""","Math","N",51,50,98.0,50,"*","*",22,44.0,24,48.0,"*","*","*","*",520
"Eastern Connecticut Regional Educational Service Center (EASTCONN)","=""2530014""","ELA","Y",45,40,88.9,40,"*","*",9,22.5,14,35.0,"*","*","*","*",453
"Eastern Connecticut Regional Educational Service Center (EASTCONN)","=""2530014""","ELA","N",37,35,94.6,35,"*","*",9,25.7,19,54.3,"*","*","*","*",495
"Eastern Connecticut Regional Educational Service Center (EASTCONN)","=""2530014""","Math","Y",45,40,88.9,40,21,52.5,"*","*","*","*",0,0.0,"*","*",409
"Eastern Connecticut Regional Educational Service Center (EASTCONN)","=""2530014""","Math","N",37,35,94.6,35,11,31.4,21,60.0,"*","*","*","*","*","*",451
"EdAdvance","=""2420014""","ELA","Y","*","*","*","*","*","*","*","*","*","*","*","*","*","*","*"
"EdAdvance","=""2420014""","Math","Y","*","*","*","*","*","*","*","*","*","*","*","*","*","*","*"
"Ellington School District","=""0480011""","ELA","Y",31,30,96.8,30,"*","*",9,30.0,11,36.7,"*","*","*","*",484
"Ellington School District","=""0480011""","ELA","N",144,144,100.0,144,"*","*",17,11.8,97,67.4,"*","*","*","*",554
"Ellington School District","=""0480011""","Math","Y",31,30,96.8,30,"*","*",15,50.0,"*","*",0,0.0,"*","*",462
"Ellington School District","=""0480011""","Math","N",144,144,100.0,143,"*","*",58,40.6,64,44.8,"*","*","*","*",546
"Elm City College Preparatory School District","=""2890013""","ELA","Y",13,13,"*",13,"*","*","*","*","*","*","*","*","*","*","*"
"Elm City College Preparatory School District","=""2890013""","ELA","N",16,16,"*",16,"*","*","*","*","*","*","*","*","*","*","*"
"Elm City College Preparatory School District","=""2890013""","Math","Y",13,13,"*",13,"*","*","*","*","*","*","*","*","*","*","*"
"Elm City College Preparatory School District","=""2890013""","Math","N",16,16,"*",16,"*","*","*","*","*","*","*","*","*","*","*"
"Enfield School District","=""0490011""","ELA","Y",103,101,98.1,101,"*","*",27,26.7,43,42.6,"*","*","*","*",477
"Enfield School District","=""0490011""","ELA","N",247,241,97.6,241,"*","*",38,15.8,167,69.3,"*","*","*","*",531
"Enfield School District","=""0490011""","Math","Y",103,101,98.1,101,"*","*",49,48.5,25,24.8,"*","*","*","*",468
"Enfield School District","=""0490011""","Math","N",247,241,97.6,241,"*","*",121,50.2,82,34.0,"*","*","*","*",515
"Explorations District","=""2720013""","ELA","Y",15,14,"*",14,"*","*","*","*","*","*","*","*","*","*","*"
"Explorations District","=""2720013""","ELA","N",7,7,"*",7,"*","*","*","*","*","*","*","*","*","*","*"
"Explorations District","=""2720013""","Math","Y",15,14,"*",14,"*","*","*","*","*","*","*","*","*","*","*"
"Explorations District","=""2720013""","Math","N",7,7,"*",7,"*","*","*","*","*","*","*","*","*","*","*"
"Fairfield School District","=""0510011""","ELA","Y",161,154,95.7,154,36,23.4,39,25.3,65,42.2,14,9.1,79,51.3,491
"Fairfield School District","=""0510011""","ELA","N",617,605,98.1,605,7,1.2,28,4.6,315,52.1,255,42.1,570,94.2,601
"Fairfield School District","=""0510011""","Math","Y",161,154,95.7,154,37,24.0,81,52.6,"*","*","*","*",36,23.4,470
"Fairfield School District","=""0510011""","Math","N",617,605,98.1,605,"*","*",155,25.6,296,48.9,"*","*","*","*",580
"Farmington School District","=""0520011""","ELA","Y",62,60,96.8,60,"*","*",14,23.3,31,51.7,"*","*","*","*",509
"Farmington School District","=""0520011""","ELA","N",228,227,99.6,227,"*","*","*","*",123,54.2,91,40.1,214,94.3,607
"Farmington School District","=""0520011""","Math","Y",62,60,96.8,60,"*","*",25,41.7,17,28.3,"*","*","*","*",489
"Farmington School District","=""0520011""","Math","N",228,227,99.6,226,"*","*",52,23.0,95,42.0,"*","*","*","*",600
"Glastonbury School District","=""0540011""","ELA","Y",77,73,94.8,73,"*","*",25,34.2,26,35.6,"*","*","*","*",471
"Glastonbury School District","=""0540011""","ELA","N",413,407,98.5,407,"*","*",22,5.4,206,50.6,"*","*","*","*",604
"Glastonbury School District","=""0540011""","Math","Y",77,73,94.8,71,19,26.8,34,47.9,"*","*","*","*",18,25.4,474
"Glastonbury School District","=""0540011""","Math","N",413,407,98.5,407,"*","*",61,15.0,183,45.0,"*","*","*","*",616
"Granby School District","=""0560011""","ELA","Y",25,22,88.0,22,"*","*","*","*",11,50.0,"*","*","*","*",487
"Granby School District","=""0560011""","ELA","N",131,130,99.2,130,"*","*","*","*",70,53.8,"*","*","*","*",602
"Granby School District","=""0560011""","Math","Y",25,22,88.0,22,"*","*",8,36.4,"*","*","*","*","*","*",447
"Granby School District","=""0560011""","Math","N",131,130,99.2,130,"*","*",26,20.0,"*","*","*","*","*","*",592
"Greenwich School District","=""0570011""","ELA","Y",153,145,94.8,145,35,24.1,32,22.1,68,46.9,10,6.9,78,53.8,485
"Greenwich School District","=""0570011""","ELA","N",464,453,97.6,453,6,1.3,19,4.2,201,44.4,227,50.1,428,94.5,618
"Greenwich School District","=""0570011""","Math","Y",153,145,94.8,145,42,29.0,77,53.1,"*","*","*","*",26,17.9,463
"Greenwich School District","=""0570011""","Math","N",464,453,97.6,452,"*","*",94,20.8,180,39.8,"*","*","*","*",605
"Griswold School District","=""0580011""","ELA","Y",44,38,86.4,38,11,28.9,10,26.3,17,44.7,0,0.0,17,44.7,469
"Griswold School District","=""0580011""","ELA","N",102,101,99.0,101,6,5.9,16,15.8,64,63.4,15,14.9,79,78.2,539
"Griswold School District","=""0580011""","Math","Y",44,38,86.4,38,13,34.2,19,50.0,6,15.8,0,0.0,6,15.8,446
"Griswold School District","=""0580011""","Math","N",102,101,99.0,101,"*","*",47,46.5,43,42.6,"*","*","*","*",513
"Groton School District","=""0590011""","ELA","Y",83,79,95.2,79,36,45.6,"*","*",25,31.6,"*","*","*","*",441
"Groton School District","=""0590011""","ELA","N",154,149,96.8,149,"*","*",18,12.1,85,57.0,"*","*","*","*",559
"Groton School District","=""0590011""","Math","Y",83,79,95.2,77,35,45.5,30,39.0,"*","*","*","*",12,15.6,439
"Groton School District","=""0590011""","Math","N",154,149,96.8,149,"*","*",63,42.3,53,35.6,"*","*","*","*",534
"Guilford School District","=""0600011""","ELA","Y",42,42,100.0,42,"*","*",11,26.2,13,31.0,"*","*","*","*",490
"Guilford School District","=""0600011""","ELA","N",244,244,100.0,244,"*","*",19,7.8,142,58.2,"*","*","*","*",598
"Guilford School District","=""0600011""","Math","Y",42,42,100.0,42,19,45.2,13,31.0,"*","*","*","*",10,23.8,460
"Guilford School District","=""0600011""","Math","N",244,244,100.0,243,10,4.1,63,25.9,"*","*","*","*",170,70.0,578
"Hamden School District","=""0620011""","ELA","Y",189,183,96.8,183,76,41.5,"*","*",61,33.3,"*","*","*","*",446
"Hamden School District","=""0620011""","ELA","N",208,206,99.0,206,"*","*",29,14.1,128,62.1,"*","*","*","*",543
"Hamden School District","=""0620011""","Math","Y",189,183,96.8,182,80,44.0,78,42.9,"*","*","*","*",24,13.2,432
"Hamden School District","=""0620011""","Math","N",208,206,99.0,205,"*","*",100,48.8,75,36.6,"*","*","*","*",513
"Hartford School District","=""0640011""","ELA","Y",958,829,86.5,829,407,49.1,214,25.8,190,22.9,18,2.2,208,25.1,428
"Hartford School District","=""0640011""","ELA","N",293,285,97.3,285,48,16.8,47,16.5,133,46.7,57,20.0,190,66.7,523
"Hartford School District","=""0640011""","Math","Y",958,829,86.5,818,461,56.4,288,35.2,"*","*","*","*",69,8.4,410
"Hartford School District","=""0640011""","Math","N",293,285,97.3,283,71,25.1,112,39.6,"*","*","*","*",100,35.3,495
"Highville Charter School District","=""2860013""","ELA","Y",14,14,"*",14,"*","*","*","*","*","*","*","*","*","*","*"
"Highville Charter School District","=""2860013""","ELA","N",8,8,"*",8,"*","*","*","*","*","*","*","*","*","*","*"
"Highville Charter School District","=""2860013""","Math","Y",14,14,"*",14,"*","*","*","*","*","*","*","*","*","*","*"
"Highville Charter School District","=""2860013""","Math","N",8,8,"*",8,"*","*","*","*","*","*","*","*","*","*","*"
"Jumoke Academy District","=""2610013""","ELA","N",12,11,"*",11,"*","*","*","*","*","*","*","*","*","*","*"
"Jumoke Academy District","=""2610013""","Math","N",12,11,"*",11,"*","*","*","*","*","*","*","*","*","*","*"
"Killingly School District","=""0690011""","ELA","Y",84,78,92.9,78,30,38.5,"*","*",24,30.8,"*","*","*","*",451
"Killingly School District","=""0690011""","ELA","N",101,100,99.0,100,"*","*",17,17.0,63,63.0,"*","*","*","*",525
"Killingly School District","=""0690011""","Math","Y",84,78,92.9,78,35,44.9,37,47.4,"*","*","*","*",6,7.7,424
"Killingly School District","=""0690011""","Math","N",101,100,99.0,100,"*","*",50,50.0,"*","*",0,0.0,"*","*",484
"Learn","=""2450014""","ELA","Y",110,106,96.4,106,46,43.4,26,24.5,24,22.6,10,9.4,34,32.1,453
"Learn","=""2450014""","ELA","N",85,85,100.0,85,7,8.2,13,15.3,42,49.4,23,27.1,65,76.5,555
"Learn","=""2450014""","Math","Y",110,106,96.4,105,48,45.7,44,41.9,"*","*","*","*",13,12.4,428
"Learn","=""2450014""","Math","N",85,85,100.0,85,"*","*",34,40.0,32,37.6,"*","*","*","*",521
"Lebanon School District","=""0710011""","ELA","Y",24,23,95.8,23,"*","*","*","*",7,30.4,"*","*","*","*",447
"Lebanon School District","=""0710011""","ELA","N",65,65,100.0,65,"*","*","*","*",34,52.3,"*","*","*","*",556
"Lebanon School District","=""0710011""","Math","Y",24,23,95.8,23,"*","*",11,47.8,"*","*",0,0.0,"*","*",447
"Lebanon School District","=""0710011""","Math","N",65,65,100.0,65,"*","*",20,30.8,"*","*",7,10.8,"*","*",532
"Ledyard School District","=""0720011""","ELA","Y",74,74,100.0,74,"*","*",23,31.1,25,33.8,"*","*","*","*",487
"Ledyard School District","=""0720011""","ELA","N",121,120,99.2,120,"*","*","*","*",74,61.7,28,23.3,102,85.0,569
"Ledyard School District","=""0720011""","Math","Y",74,74,100.0,74,27,36.5,32,43.2,"*","*","*","*",15,20.3,458
"Ledyard School District","=""0720011""","Math","N",121,120,99.2,120,"*","*",45,37.5,48,40.0,"*","*","*","*",545
"Litchfield School District","=""0740011""","ELA","Y",12,12,"*",12,"*","*","*","*","*","*","*","*","*","*","*"
"Litchfield School District","=""0740011""","ELA","N",53,53,100.0,53,"*","*","*","*","*","*","*","*","*","*",568
"Litchfield School District","=""0740011""","Math","Y",12,12,"*",12,"*","*","*","*","*","*","*","*","*","*","*"
"Litchfield School District","=""0740011""","Math","N",53,53,100.0,53,0,0.0,"*","*","*","*","*","*","*","*",561
"Madison School District","=""0760011""","ELA","Y",48,43,89.6,43,"*","*",11,25.6,19,44.2,"*","*","*","*",505
"Madison School District","=""0760011""","ELA","N",248,247,99.6,247,"*","*","*","*",143,57.9,95,38.5,238,96.4,606
"Madison School District","=""0760011""","Math","Y",48,43,89.6,42,"*","*",25,59.5,8,19.0,"*","*","*","*",500
"Madison School District","=""0760011""","Math","N",248,247,99.6,247,"*","*",47,19.0,133,53.8,"*","*","*","*",594
"Manchester School District","=""0770011""","ELA","Y",185,161,87.0,161,70,43.5,"*","*",56,34.8,"*","*","*","*",446
"Manchester School District","=""0770011""","ELA","N",189,177,93.7,177,"*","*",32,18.1,88,49.7,"*","*","*","*",510
"Manchester School District","=""0770011""","Math","Y",185,161,87.0,157,60,38.2,80,51.0,"*","*","*","*",17,10.8,436
"Manchester School District","=""0770011""","Math","N",189,177,93.7,175,"*","*",86,49.1,49,28.0,"*","*","*","*",486
"Meriden School District","=""0800011""","ELA","Y",361,344,95.3,344,167,48.5,89,25.9,"*","*","*","*",88,25.6,431
"Meriden School District","=""0800011""","ELA","N",166,162,97.6,162,"*","*",36,22.2,84,51.9,"*","*","*","*",525
"Meriden School District","=""0800011""","Math","Y",361,344,95.3,339,182,53.7,133,39.2,"*","*","*","*",24,7.1,414
"Meriden School District","=""0800011""","Math","N",166,162,97.6,161,"*","*",69,42.9,46,28.6,"*","*","*","*",487
"Middletown School District","=""0830011""","ELA","Y",149,147,98.7,147,63,42.9,"*","*",45,30.6,"*","*","*","*",445
"Middletown School District","=""0830011""","ELA","N",168,168,100.0,168,"*","*",28,16.7,79,47.0,"*","*","*","*",551
"Middletown School District","=""0830011""","Math","Y",149,147,98.7,147,69,46.9,58,39.5,"*","*","*","*",20,13.6,430
"Middletown School District","=""0830011""","Math","N",168,168,100.0,168,"*","*",63,37.5,62,36.9,"*","*","*","*",527
"Milford School District","=""0840011""","ELA","Y",101,87,86.1,87,30,34.5,20,23.0,29,33.3,8,9.2,37,42.5,473
"Milford School District","=""0840011""","ELA","N",326,322,98.8,322,12,3.7,31,9.6,202,62.7,77,23.9,279,86.6,566
"Milford School District","=""0840011""","Math","Y",101,87,86.1,85,29,34.1,39,45.9,"*","*","*","*",17,20.0,451
"Milford School District","=""0840011""","Math","N",326,322,98.8,322,"*","*",115,35.7,138,42.9,"*","*","*","*",540
"Monroe School District","=""0850011""","ELA","Y",48,40,83.3,40,"*","*",7,17.5,19,47.5,"*","*","*","*",508
"Monroe School District","=""0850011""","ELA","N",254,252,99.2,252,"*","*",24,9.5,141,56.0,"*","*","*","*",581
"Monroe School District","=""0850011""","Math","Y",48,40,83.3,40,"*","*",18,45.0,12,30.0,"*","*","*","*",495
"Monroe School District","=""0850011""","Math","N",254,252,99.2,252,"*","*",76,30.2,97,38.5,"*","*","*","*",575
"Montville School District","=""0860011""","ELA","Y",63,61,96.8,61,"*","*",11,18.0,31,50.8,"*","*","*","*",490
"Montville School District","=""0860011""","ELA","N",121,118,97.5,118,"*","*",12,10.2,77,65.3,"*","*","*","*",564
"Montville School District","=""0860011""","Math","Y",63,61,96.8,61,18,29.5,27,44.3,"*","*","*","*",16,26.2,470
"Montville School District","=""0860011""","Math","N",121,118,97.5,118,"*","*",47,39.8,51,43.2,"*","*","*","*",536
"Naugatuck School District","=""0880011""","ELA","Y",154,139,90.3,139,60,43.2,39,28.1,32,23.0,8,5.8,40,28.8,449
"Naugatuck School District","=""0880011""","ELA","N",146,137,93.8,137,15,10.9,36,26.3,71,51.8,15,10.9,86,62.8,509
"Naugatuck School District","=""0880011""","Math","Y",154,139,90.3,138,61,44.2,57,41.3,"*","*","*","*",20,14.5,432
"Naugatuck School District","=""0880011""","Math","N",146,137,93.8,137,"*","*",68,49.6,37,27.0,"*","*","*","*",478
"New Britain School District","=""0890011""","ELA","Y",434,384,88.5,384,206,53.6,93,24.2,"*","*","*","*",85,22.1,421
"New Britain School District","=""0890011""","ELA","N",95,89,93.7,89,"*","*",22,24.7,39,43.8,"*","*","*","*",496
"New Britain School District","=""0890011""","Math","Y",434,384,88.5,383,214,55.9,149,38.9,20,5.2,0,0.0,20,5.2,407
"New Britain School District","=""0890011""","Math","N",95,89,93.7,89,24,27.0,41,46.1,"*","*","*","*",24,27.0,475
"New Canaan School District","=""0900011""","ELA","Y",48,43,89.6,43,"*","*","*","*",23,53.5,7,16.3,30,69.8,529
"New Canaan School District","=""0900011""","ELA","N",262,258,98.5,258,"*","*","*","*",116,45.0,138,53.5,254,98.4,629
"New Canaan School District","=""0900011""","Math","Y",48,43,89.6,42,"*","*",16,38.1,10,23.8,"*","*","*","*",514
"New Canaan School District","=""0900011""","Math","N",262,258,98.5,258,"*","*","*","*",116,45.0,112,43.4,228,88.4,628
"New Fairfield School District","=""0910011""","ELA","Y",27,26,96.3,26,"*","*",7,26.9,11,42.3,"*","*","*","*",472
"New Fairfield School District","=""0910011""","ELA","N",180,177,98.3,177,"*","*",19,10.7,109,61.6,"*","*","*","*",564
"New Fairfield School District","=""0910011""","Math","Y",27,26,96.3,26,"*","*",12,46.2,"*","*",0,0.0,"*","*",438
"New Fairfield School District","=""0910011""","Math","N",180,177,98.3,177,22,12.4,73,41.2,"*","*","*","*","*","*",524
"New Haven School District","=""0930011""","ELA","Y",951,835,87.8,835,370,44.3,228,27.3,207,24.8,30,3.6,237,28.4,439
"New Haven School District","=""0930011""","ELA","N",368,343,93.2,343,71,20.7,71,20.7,154,44.9,47,13.7,201,58.6,504
"New Haven School District","=""0930011""","Math","Y",951,835,87.8,832,435,52.3,317,38.1,69,8.3,11,1.3,80,9.6,417
"New Haven School District","=""0930011""","Math","N",368,343,93.2,343,96,28.0,155,45.2,71,20.7,21,6.1,92,26.8,473
"New London School District","=""0950011""","ELA","Y",218,200,91.7,200,"*","*","*","*","*","*","*","*","*","*",463
"New London School District","=""0950011""","ELA","N",16,16,"*",16,"*","*","*","*","*","*","*","*","*","*","*"
"New London School District","=""0950011""","Math","Y",218,200,91.7,199,"*","*","*","*","*","*","*","*","*","*",443
"New London School District","=""0950011""","Math","N",16,16,"*",16,"*","*","*","*","*","*","*","*","*","*","*"
"New Milford School District","=""0960011""","ELA","Y",81,72,88.9,72,"*","*",17,23.6,40,55.6,"*","*","*","*",494
"New Milford School District","=""0960011""","ELA","N",255,249,97.6,249,"*","*",22,8.8,155,62.2,"*","*","*","*",570
"New Milford School District","=""0960011""","Math","Y",81,72,88.9,72,17,23.6,39,54.2,"*","*","*","*",16,22.2,475
"New Milford School District","=""0960011""","Math","N",255,249,97.6,249,"*","*",79,31.7,110,44.2,"*","*","*","*",549
"Newington School District","=""0940011""","ELA","Y",97,93,95.9,93,36,38.7,"*","*",32,34.4,"*","*","*","*",454
"Newington School District","=""0940011""","ELA","N",195,194,99.5,194,"*","*",27,13.9,117,60.3,"*","*","*","*",549
"Newington School District","=""0940011""","Math","Y",97,93,95.9,93,32,34.4,46,49.5,"*","*","*","*",15,16.1,443
"Newington School District","=""0940011""","Math","N",195,194,99.5,194,"*","*",78,40.2,78,40.2,"*","*","*","*",539
"Newtown School District","=""0970011""","ELA","Y",49,43,87.8,43,14,32.6,"*","*",16,37.2,"*","*","*","*",490
"Newtown School District","=""0970011""","ELA","N",371,367,98.9,367,"*","*",22,6.0,212,57.8,"*","*","*","*",590
"Newtown School District","=""0970011""","Math","Y",49,43,87.8,43,13,30.2,16,37.2,14,32.6,0,0.0,14,32.6,474
"Newtown School District","=""0970011""","Math","N",371,367,98.9,367,8,2.2,73,19.9,183,49.9,103,28.1,286,77.9,590
"North Branford School District","=""0990011""","ELA","Y",49,48,98.0,48,"*","*","*","*",28,58.3,7,14.6,35,72.9,507
"North Branford School District","=""0990011""","ELA","N",97,97,100.0,97,"*","*","*","*",67,69.1,16,16.5,83,85.6,552
"North Branford School District","=""0990011""","Math","Y",49,48,98.0,48,10,20.8,27,56.3,"*","*","*","*",11,22.9,482
"North Branford School District","=""0990011""","Math","N",97,97,100.0,97,"*","*",44,45.4,35,36.1,"*","*","*","*",529
"North Haven School District","=""1010011""","ELA","Y",51,47,92.2,47,15,31.9,"*","*",21,44.7,"*","*","*","*",493
"North Haven School District","=""1010011""","ELA","N",196,193,98.5,193,"*","*",28,14.5,115,59.6,"*","*","*","*",553
"North Haven School District","=""1010011""","Math","Y",51,47,92.2,47,"*","*",23,48.9,11,23.4,"*","*","*","*",482
"North Haven School District","=""1010011""","Math","N",196,193,98.5,193,"*","*",77,39.9,79,40.9,"*","*","*","*",531
"North Stonington School District","=""1020011""","ELA","Y",7,7,"*",7,"*","*","*","*","*","*","*","*","*","*","*"
"North Stonington School District","=""1020011""","ELA","N",36,36,100.0,36,"*","*","*","*","*","*","*","*","*","*",564
"North Stonington School District","=""1020011""","Math","Y",7,7,"*",7,"*","*","*","*","*","*","*","*","*","*","*"
"North Stonington School District","=""1020011""","Math","N",36,36,100.0,36,"*","*","*","*","*","*","*","*","*","*",552
"Norwalk School District","=""1030011""","ELA","Y",454,419,92.3,419,149,35.6,114,27.2,142,33.9,14,3.3,156,37.2,459
"Norwalk School District","=""1030011""","ELA","N",407,399,98.0,399,37,9.3,55,13.8,218,54.6,89,22.3,307,76.9,547
"Norwalk School District","=""1030011""","Math","Y",454,419,92.3,419,154,36.8,198,47.3,56,13.4,11,2.6,67,16.0,442
"Norwalk School District","=""1030011""","Math","N",407,399,98.0,399,42,10.5,164,41.1,135,33.8,58,14.5,193,48.4,530
"Norwich Free Academy District","=""9010022""","ELA","Y",273,250,91.6,249,103,41.4,65,26.1,75,30.1,6,2.4,81,32.5,445
"Norwich Free Academy District","=""9010022""","ELA","N",288,284,98.6,284,14,4.9,39,13.7,161,56.7,70,24.6,231,81.3,561
"Norwich Free Academy District","=""9010022""","Math","Y",273,250,91.6,249,107,43.0,106,42.6,"*","*","*","*",36,14.5,435
"Norwich Free Academy District","=""9010022""","Math","N",288,284,98.6,284,"*","*",100,35.2,106,37.3,"*","*","*","*",539
"Norwich School District","=""1040011""","ELA","Y","*","*","*","*","*","*","*","*","*","*","*","*","*","*","*"
"Norwich School District","=""1040011""","ELA","N","*","*","*","*","*","*","*","*","*","*","*","*","*","*","*"
"Norwich School District","=""1040011""","Math","Y","*","*","*","*","*","*","*","*","*","*","*","*","*","*","*"
"Norwich School District","=""1040011""","Math","N","*","*","*","*","*","*","*","*","*","*","*","*","*","*","*"
"Old Saybrook School District","=""1060011""","ELA","Y",23,23,100.0,23,"*","*","*","*",11,47.8,0,0.0,11,47.8,460
"Old Saybrook School District","=""1060011""","ELA","N",88,86,97.7,86,"*","*","*","*",46,53.5,31,36.0,77,89.5,585
"Old Saybrook School District","=""1060011""","Math","Y",23,23,100.0,23,"*","*",7,30.4,"*","*",0,0.0,"*","*",441
"Old Saybrook School District","=""1060011""","Math","N",88,86,97.7,86,"*","*",26,30.2,"*","*",18,20.9,"*","*",572
"Oxford School District","=""1080011""","ELA","Y",29,27,93.1,27,"*","*","*","*",9,33.3,6,22.2,15,55.6,506
"Oxford School District","=""1080011""","ELA","N",108,108,100.0,108,"*","*","*","*",71,65.7,31,28.7,102,94.4,584
"Oxford School District","=""1080011""","Math","Y",29,27,93.1,27,"*","*",8,29.6,9,33.3,"*","*","*","*",484
"Oxford School District","=""1080011""","Math","N",108,108,100.0,108,"*","*",37,34.3,54,50.0,"*","*","*","*",550
"Path Academy District","=""2930013""","ELA","Y","*","*","*","*","*","*","*","*","*","*","*","*","*","*","*"
"Path Academy District","=""2930013""","ELA","N","*","*","*","*","*","*","*","*","*","*","*","*","*","*","*"
"Path Academy District","=""2930013""","Math","Y","*","*","*","*","*","*","*","*","*","*","*","*","*","*","*"
"Path Academy District","=""2930013""","Math","N","*","*","*","*","*","*","*","*","*","*","*","*","*","*","*"
"Plainfield School District","=""1090011""","ELA","Y",67,57,85.1,57,18,31.6,25,43.9,"*","*","*","*",14,24.6,452
"Plainfield School District","=""1090011""","ELA","N",97,94,96.9,94,"*","*",20,21.3,46,48.9,"*","*","*","*",511
"Plainfield School District","=""1090011""","Math","Y",67,57,85.1,57,25,43.9,25,43.9,"*","*","*","*",7,12.3,425
"Plainfield School District","=""1090011""","Math","N",97,94,96.9,92,"*","*",42,45.7,31,33.7,"*","*","*","*",497
"Plainville School District","=""1100011""","ELA","Y",62,61,98.4,61,"*","*",14,23.0,25,41.0,"*","*","*","*",476
"Plainville School District","=""1100011""","ELA","N",95,94,98.9,94,"*","*",6,6.4,63,67.0,"*","*","*","*",557
"Plainville School District","=""1100011""","Math","Y",62,61,98.4,60,21,35.0,25,41.7,"*","*","*","*",14,23.3,457
"Plainville School District","=""1100011""","Math","N",95,94,98.9,94,"*","*",37,39.4,45,47.9,"*","*","*","*",526
"Plymouth School District","=""1110011""","ELA","Y",45,42,93.3,42,20,47.6,11,26.2,"*","*","*","*",11,26.2,435
"Plymouth School District","=""1110011""","ELA","N",80,79,98.8,79,"*","*",10,12.7,52,65.8,"*","*","*","*",539
"Plymouth School District","=""1110011""","Math","Y",45,42,93.3,41,"*","*",17,41.5,"*","*","*","*","*","*",419
"Plymouth School District","=""1110011""","Math","N",80,79,98.8,79,"*","*",30,38.0,"*","*","*","*","*","*",531
"Portland School District","=""1130011""","ELA","Y",20,20,100.0,20,"*","*","*","*",7,35.0,"*","*","*","*",487
"Portland School District","=""1130011""","ELA","N",66,66,100.0,66,"*","*","*","*",42,63.6,"*","*","*","*",558
"Portland School District","=""1130011""","Math","Y",20,20,100.0,20,6,30.0,9,45.0,"*","*","*","*","*","*",461
"Portland School District","=""1130011""","Math","N",66,66,100.0,65,6,9.2,20,30.8,"*","*","*","*","*","*",554
"Putnam School District","=""1160011""","ELA","Y",38,35,92.1,35,"*","*",12,34.3,"*","*",0,0.0,"*","*",443
"Putnam School District","=""1160011""","ELA","N",31,29,93.5,29,"*","*",6,20.7,16,55.2,"*","*","*","*",520
"Putnam School District","=""1160011""","Math","Y",38,35,92.1,35,"*","*",15,42.9,"*","*",0,0.0,"*","*",416
"Putnam School District","=""1160011""","Math","N",31,29,93.5,29,"*","*",19,65.5,"*","*","*","*","*","*",484
"Regional School District 01","=""2010012""","ELA","Y",28,27,96.4,27,12,44.4,"*","*",10,37.0,"*","*","*","*",466
"Regional School District 01","=""2010012""","ELA","N",60,58,96.7,58,8,13.8,"*","*",31,53.4,"*","*","*","*",520
"Regional School District 01","=""2010012""","Math","Y",28,27,96.4,27,12,44.4,9,33.3,6,22.2,0,0.0,6,22.2,436
"Regional School District 01","=""2010012""","Math","N",60,58,96.7,57,"*","*",30,52.6,18,31.6,"*","*","*","*",503
"Regional School District 04","=""2040012""","ELA","Y",28,26,92.9,26,"*","*","*","*",9,34.6,"*","*","*","*",490
"Regional School District 04","=""2040012""","ELA","N",129,128,99.2,128,"*","*","*","*",81,63.3,"*","*","*","*",584
"Regional School District 04","=""2040012""","Math","Y",28,26,92.9,26,7,26.9,13,50.0,"*","*","*","*",6,23.1,463
"Regional School District 04","=""2040012""","Math","N",129,128,99.2,128,8,6.3,48,37.5,"*","*","*","*",72,56.3,538
"Regional School District 05","=""2050012""","ELA","Y",51,50,98.0,50,"*","*",21,42.0,17,34.0,"*","*","*","*",501
"Regional School District 05","=""2050012""","ELA","N",305,305,100.0,305,"*","*","*","*",159,52.1,124,40.7,283,92.8,602
"Regional School District 05","=""2050012""","Math","Y",51,50,98.0,50,9,18.0,25,50.0,8,16.0,8,16.0,16,32.0,503
"Regional School District 05","=""2050012""","Math","N",305,305,100.0,305,7,2.3,75,24.6,135,44.3,88,28.9,223,73.1,591
"Regional School District 06","=""2060012""","ELA","Y",30,28,93.3,28,11,39.3,"*","*",10,35.7,"*","*","*","*",466
"Regional School District 06","=""2060012""","ELA","N",76,76,100.0,76,7,9.2,"*","*",46,60.5,"*","*","*","*",534
"Regional School District 06","=""2060012""","Math","Y",30,28,93.3,27,8,29.6,15,55.6,"*","*","*","*","*","*",454
"Regional School District 06","=""2060012""","Math","N",76,76,100.0,73,8,11.0,34,46.6,"*","*","*","*","*","*",510
"Regional School District 07","=""2070012""","ELA","Y",24,24,100.0,24,"*","*",7,29.2,6,25.0,"*","*","*","*",471
"Regional School District 07","=""2070012""","ELA","N",149,149,100.0,149,"*","*",14,9.4,85,57.0,"*","*","*","*",584
"Regional School District 07","=""2070012""","Math","Y",24,24,100.0,24,11,45.8,8,33.3,"*","*","*","*","*","*",435
"Regional School District 07","=""2070012""","Math","N",149,149,100.0,149,6,4.0,38,25.5,"*","*","*","*","*","*",569
"Regional School District 08","=""2080012""","ELA","Y",33,32,97.0,32,"*","*",9,28.1,10,31.3,"*","*","*","*",510
"Regional School District 08","=""2080012""","ELA","N",238,236,99.2,236,"*","*","*","*",128,54.2,95,40.3,223,94.5,597
"Regional School District 08","=""2080012""","Math","Y",33,32,97.0,32,"*","*",13,40.6,7,21.9,"*","*","*","*",500
"Regional School District 08","=""2080012""","Math","N",238,236,99.2,236,"*","*",46,19.5,116,49.2,"*","*","*","*",598
"Regional School District 09","=""2090012""","ELA","Y",32,29,90.6,29,"*","*",7,24.1,15,51.7,"*","*","*","*",511
"Regional School District 09","=""2090012""","ELA","N",206,195,94.7,195,"*","*",9,4.6,97,49.7,"*","*","*","*",605
"Regional School District 09","=""2090012""","Math","Y",32,29,90.6,29,"*","*",17,58.6,6,20.7,"*","*","*","*",497
"Regional School District 09","=""2090012""","Math","N",206,195,94.7,195,"*","*",42,21.5,94,48.2,"*","*","*","*",590
"Regional School District 10","=""2100012""","ELA","Y",28,26,92.9,26,"*","*",8,30.8,8,30.8,"*","*","*","*",460
"Regional School District 10","=""2100012""","ELA","N",170,170,100.0,170,"*","*",8,4.7,89,52.4,"*","*","*","*",600
"Regional School District 10","=""2100012""","Math","Y",28,26,92.9,26,9,34.6,15,57.7,"*","*","*","*","*","*",448
"Regional School District 10","=""2100012""","Math","N",170,170,100.0,170,7,4.1,42,24.7,"*","*","*","*","*","*",575
"Regional School District 11","=""2110012""","ELA","Y",13,13,"*",13,"*","*","*","*","*","*","*","*","*","*","*"
"Regional School District 11","=""2110012""","ELA","N",17,17,"*",17,"*","*","*","*","*","*","*","*","*","*","*"
"Regional School District 11","=""2110012""","Math","Y",13,13,"*",13,"*","*","*","*","*","*","*","*","*","*","*"
"Regional School District 11","=""2110012""","Math","N",17,17,"*",17,"*","*","*","*","*","*","*","*","*","*","*"
"Regional School District 12","=""2120012""","ELA","Y",16,16,"*",16,"*","*","*","*","*","*","*","*","*","*","*"
"Regional School District 12","=""2120012""","ELA","N",42,42,100.0,42,"*","*","*","*","*","*","*","*","*","*",590
"Regional School District 12","=""2120012""","Math","Y",16,16,"*",16,"*","*","*","*","*","*","*","*","*","*","*"
"Regional School District 12","=""2120012""","Math","N",42,42,100.0,42,"*","*","*","*","*","*","*","*","*","*",547
"Regional School District 13","=""2130012""","ELA","Y",16,14,"*",14,"*","*","*","*","*","*","*","*","*","*","*"
"Regional School District 13","=""2130012""","ELA","N",112,112,100.0,112,"*","*","*","*","*","*","*","*","*","*",582
"Regional School District 13","=""2130012""","Math","Y",16,14,"*",14,"*","*","*","*","*","*","*","*","*","*","*"
"Regional School District 13","=""2130012""","Math","N",112,112,100.0,112,"*","*","*","*","*","*","*","*","*","*",562
"Regional School District 14","=""2140012""","ELA","Y",50,48,96.0,48,14,29.2,"*","*",21,43.8,"*","*","*","*",482
"Regional School District 14","=""2140012""","ELA","N",144,144,100.0,144,"*","*",19,13.2,81,56.3,"*","*","*","*",555
"Regional School District 14","=""2140012""","Math","Y",50,48,96.0,48,14,29.2,20,41.7,"*","*","*","*",14,29.2,468
"Regional School District 14","=""2140012""","Math","N",144,144,100.0,144,"*","*",49,34.0,61,42.4,"*","*","*","*",549
"Regional School District 15","=""2150012""","ELA","Y",63,59,93.7,59,"*","*",11,18.6,32,54.2,"*","*","*","*",511
"Regional School District 15","=""2150012""","ELA","N",227,226,99.6,226,"*","*","*","*",133,58.8,75,33.2,208,92.0,593
"Regional School District 15","=""2150012""","Math","Y",63,59,93.7,58,"*","*",28,48.3,14,24.1,"*","*","*","*",480
"Regional School District 15","=""2150012""","Math","N",227,226,99.6,226,"*","*",44,19.5,119,52.7,"*","*","*","*",589
"Regional School District 16","=""2160012""","ELA","Y",34,33,97.1,33,12,36.4,"*","*",10,30.3,"*","*","*","*",472
"Regional School District 16","=""2160012""","ELA","N",138,135,97.8,135,"*","*",11,8.1,88,65.2,"*","*","*","*",556
"Regional School District 16","=""2160012""","Math","Y",34,33,97.1,33,17,51.5,10,30.3,"*","*","*","*",6,18.2,423
"Regional School District 16","=""2160012""","Math","N",138,135,97.8,135,11,8.1,60,44.4,"*","*","*","*",64,47.4,525
"Regional School District 17","=""2170012""","ELA","Y",45,43,95.6,43,"*","*",9,20.9,17,39.5,"*","*","*","*",509
"Regional School District 17","=""2170012""","ELA","N",122,121,99.2,121,"*","*","*","*",74,61.2,34,28.1,108,89.3,579
"Regional School District 17","=""2170012""","Math","Y",45,43,95.6,43,"*","*",18,41.9,12,27.9,"*","*","*","*",483
"Regional School District 17","=""2170012""","Math","N",122,121,99.2,121,"*","*",45,37.2,51,42.1,"*","*","*","*",562
"Regional School District 18","=""2180012""","ELA","Y",16,13,"*",13,"*","*","*","*","*","*","*","*","*","*","*"
"Regional School District 18","=""2180012""","ELA","N",102,100,98.0,100,0,0.0,"*","*","*","*","*","*","*","*",609
"Regional School District 18","=""2180012""","Math","Y",16,13,"*",13,"*","*","*","*","*","*","*","*","*","*","*"
"Regional School District 18","=""2180012""","Math","N",102,100,98.0,100,"*","*","*","*","*","*","*","*","*","*",582
"Regional School District 19","=""2190012""","ELA","Y",80,77,96.3,77,19,24.7,11,14.3,38,49.4,9,11.7,47,61.0,499
"Regional School District 19","=""2190012""","ELA","N",226,221,97.8,221,13,5.9,19,8.6,114,51.6,75,33.9,189,85.5,584
"Regional School District 19","=""2190012""","Math","Y",80,77,96.3,77,14,18.2,34,44.2,22,28.6,7,9.1,29,37.7,501
"Regional School District 19","=""2190012""","Math","N",226,221,97.8,221,11,5.0,55,24.9,89,40.3,66,29.9,155,70.1,582
"Ridgefield School District","=""1180011""","ELA","Y",41,34,82.9,34,"*","*",8,23.5,21,61.8,"*","*","*","*",512
"Ridgefield School District","=""1180011""","ELA","N",379,366,96.6,366,"*","*",14,3.8,154,42.1,"*","*","*","*",623
"Ridgefield School District","=""1180011""","Math","Y",41,34,82.9,33,"*","*",16,48.5,10,30.3,"*","*","*","*",500
"Ridgefield School District","=""1180011""","Math","N",379,366,96.6,366,"*","*",59,16.1,163,44.5,"*","*","*","*",609
"Rocky Hill School District","=""1190011""","ELA","Y",43,40,93.0,40,"*","*",11,27.5,11,27.5,"*","*","*","*",471
"Rocky Hill School District","=""1190011""","ELA","N",138,137,99.3,137,"*","*",7,5.1,89,65.0,"*","*","*","*",585
"Rocky Hill School District","=""1190011""","Math","Y",43,40,93.0,40,"*","*",13,32.5,8,20.0,"*","*","*","*",448
"Rocky Hill School District","=""1190011""","Math","N",138,137,99.3,137,"*","*",37,27.0,68,49.6,"*","*","*","*",568
"Seymour School District","=""1240011""","ELA","Y",41,39,95.1,39,"*","*",9,23.1,16,41.0,"*","*","*","*",477
"Seymour School District","=""1240011""","ELA","N",110,110,100.0,110,"*","*",13,11.8,67,60.9,"*","*","*","*",561
"Seymour School District","=""1240011""","Math","Y",41,39,95.1,39,"*","*",12,30.8,16,41.0,"*","*","*","*",476
"Seymour School District","=""1240011""","Math","N",110,110,100.0,110,"*","*",42,38.2,51,46.4,"*","*","*","*",539
"Shelton School District","=""1260011""","ELA","Y",77,75,97.4,75,12,16.0,18,24.0,39,52.0,6,8.0,45,60.0,498
"Shelton School District","=""1260011""","ELA","N",253,247,97.6,247,8,3.2,35,14.2,157,63.6,47,19.0,204,82.6,556
"Shelton School District","=""1260011""","Math","Y",77,75,97.4,74,24,32.4,27,36.5,"*","*","*","*",23,31.1,475
"Shelton School District","=""1260011""","Math","N",253,247,97.6,247,"*","*",94,38.1,101,40.9,"*","*","*","*",553
"Simsbury School District","=""1280011""","ELA","Y",63,59,93.7,59,"*","*","*","*",31,52.5,11,18.6,42,71.2,539
"Simsbury School District","=""1280011""","ELA","N",270,270,100.0,270,"*","*","*","*",116,43.0,148,54.8,264,97.8,631
"Simsbury School District","=""1280011""","Math","Y",63,59,93.7,59,"*","*",21,35.6,23,39.0,"*","*","*","*",510
"Simsbury School District","=""1280011""","Math","N",270,270,100.0,270,"*","*",43,15.9,118,43.7,"*","*","*","*",616
"Somers School District","=""1290011""","ELA","Y",16,16,"*",16,"*","*","*","*","*","*","*","*","*","*","*"
"Somers School District","=""1290011""","ELA","N",101,101,100.0,101,"*","*","*","*","*","*","*","*","*","*",569
"Somers School District","=""1290011""","Math","Y",16,16,"*",16,"*","*","*","*","*","*","*","*","*","*","*"
"Somers School District","=""1290011""","Math","N",101,101,100.0,100,"*","*","*","*","*","*","*","*","*","*",555
"South Windsor School District","=""1320011""","ELA","Y",78,74,94.9,74,"*","*",17,23.0,33,44.6,"*","*","*","*",476
"South Windsor School District","=""1320011""","ELA","N",257,254,98.8,254,"*","*",21,8.3,137,53.9,"*","*","*","*",593
"South Windsor School District","=""1320011""","Math","Y",78,74,94.9,74,"*","*",34,45.9,17,23.0,"*","*","*","*",463
"South Windsor School District","=""1320011""","Math","N",257,254,98.8,254,"*","*",77,30.3,103,40.6,"*","*","*","*",584
"Southington School District","=""1310011""","ELA","Y",111,101,91.0,101,35,34.7,21,20.8,36,35.6,9,8.9,45,44.6,472
"Southington School District","=""1310011""","ELA","N",429,426,99.3,426,18,4.2,36,8.5,263,61.7,109,25.6,372,87.3,570
"Southington School District","=""1310011""","Math","Y",111,101,91.0,100,33,33.0,43,43.0,"*","*","*","*",24,24.0,456
"Southington School District","=""1310011""","Math","N",429,426,99.3,426,"*","*",116,27.2,214,50.2,"*","*","*","*",564
"Stafford School District","=""1340011""","ELA","Y",27,24,88.9,24,8,33.3,10,41.7,"*","*","*","*",6,25.0,448
"Stafford School District","=""1340011""","ELA","N",60,60,100.0,60,0,0.0,6,10.0,"*","*","*","*",54,90.0,580
"Stafford School District","=""1340011""","Math","Y",27,24,88.9,23,"*","*",12,52.2,"*","*",0,0.0,"*","*",450
"Stafford School District","=""1340011""","Math","N",60,60,100.0,60,"*","*",14,23.3,"*","*","*","*","*","*",552
"Stamford Academy District","=""2820013""","ELA","Y",35,25,71.4,25,"*","*","*","*",0,0.0,0,0.0,0,0.0,366
"Stamford Academy District","=""2820013""","Math","Y",35,25,71.4,23,"*","*","*","*",0,0.0,0,0.0,0,0.0,360
"Stamford School District","=""1350011""","ELA","Y",594,535,90.1,535,215,40.2,140,26.2,163,30.5,17,3.2,180,33.6,447
"Stamford School District","=""1350011""","ELA","N",522,497,95.2,497,31,6.2,72,14.5,249,50.1,145,29.2,394,79.3,563
"Stamford School District","=""1350011""","Math","Y",594,535,90.1,531,230,43.3,233,43.9,60,11.3,8,1.5,68,12.8,431
"Stamford School District","=""1350011""","Math","N",522,497,95.2,496,50,10.1,174,35.1,156,31.5,116,23.4,272,54.8,548
"Stonington School District","=""1370011""","ELA","Y",41,34,82.9,34,"*","*",8,23.5,13,38.2,"*","*","*","*",506
"Stonington School District","=""1370011""","ELA","N",139,138,99.3,138,"*","*","*","*",78,56.5,44,31.9,122,88.4,579
"Stonington School District","=""1370011""","Math","Y",41,34,82.9,34,"*","*",14,41.2,10,29.4,"*","*","*","*",482
"Stonington School District","=""1370011""","Math","N",139,138,99.3,138,"*","*",43,31.2,58,42.0,"*","*","*","*",559
"Stratford School District","=""1380011""","ELA","Y",244,236,96.7,236,74,31.4,77,32.6,76,32.2,9,3.8,85,36.0,458
"Stratford School District","=""1380011""","ELA","N",281,280,99.6,280,27,9.6,56,20.0,164,58.6,33,11.8,197,70.4,524
"Stratford School District","=""1380011""","Math","Y",244,236,96.7,234,95,40.6,101,43.2,32,13.7,6,2.6,38,16.2,441
"Stratford School District","=""1380011""","Math","N",281,280,99.6,280,39,13.9,131,46.8,88,31.4,22,7.9,110,39.3,507
"Suffield School District","=""1390011""","ELA","Y",40,38,95.0,38,"*","*","*","*",18,47.4,0,0.0,18,47.4,463
"Suffield School District","=""1390011""","ELA","N",156,156,100.0,156,"*","*","*","*",81,51.9,55,35.3,136,87.2,580
"Suffield School District","=""1390011""","Math","Y",40,38,95.0,38,"*","*",24,63.2,"*","*","*","*","*","*",451
"Suffield School District","=""1390011""","Math","N",156,156,100.0,156,"*","*",47,30.1,"*","*","*","*","*","*",572
"The Bridge Academy District","=""2690013""","ELA","Y","*","*","*","*","*","*","*","*","*","*",0,0.0,"*","*","*"
"The Bridge Academy District","=""2690013""","ELA","N","*","*","*","*","*","*","*","*","*","*","*","*","*","*","*"
"The Bridge Academy District","=""2690013""","Math","Y","*","*","*","*","*","*","*","*","*","*",0,0.0,"*","*","*"
"The Bridge Academy District","=""2690013""","Math","N","*","*","*","*","*","*","*","*","*","*","*","*","*","*","*"
"The Gilbert School District","=""9020022""","ELA","Y",36,33,91.7,33,11,33.3,10,30.3,"*","*","*","*",12,36.4,466
"The Gilbert School District","=""9020022""","ELA","N",50,50,100.0,50,"*","*",12,24.0,27,54.0,"*","*","*","*",504
"The Gilbert School District","=""9020022""","Math","Y",36,33,91.7,33,"*","*",16,48.5,"*","*",0,0.0,"*","*",429
"The Gilbert School District","=""9020022""","Math","N",50,50,100.0,50,"*","*",15,30.0,"*","*",11,22.0,"*","*",565
"Thomaston School District","=""1400011""","ELA","Y",18,18,"*",18,"*","*","*","*","*","*","*","*","*","*","*"
"Thomaston School District","=""1400011""","ELA","N",41,41,100.0,41,"*","*","*","*","*","*","*","*","*","*",547
"Thomaston School District","=""1400011""","Math","Y",18,18,"*",18,"*","*","*","*","*","*","*","*","*","*","*"
"Thomaston School District","=""1400011""","Math","N",41,41,100.0,41,"*","*","*","*","*","*","*","*","*","*",547
"Thompson School District","=""1410011""","ELA","Y",32,27,84.4,27,"*","*","*","*",11,40.7,0,0.0,11,40.7,459
"Thompson School District","=""1410011""","ELA","N",36,36,100.0,36,"*","*","*","*",19,52.8,"*","*","*","*",508
"Thompson School District","=""1410011""","Math","Y",32,27,84.4,27,14,51.9,7,25.9,6,22.2,0,0.0,6,22.2,434
"Thompson School District","=""1410011""","Math","N",36,36,100.0,36,"*","*",18,50.0,9,25.0,"*","*","*","*",489
"Tolland School District","=""1420011""","ELA","Y",28,27,96.4,27,"*","*",6,22.2,9,33.3,"*","*","*","*",453
"Tolland School District","=""1420011""","ELA","N",180,180,100.0,180,"*","*",10,5.6,109,60.6,"*","*","*","*",585
"Tolland School District","=""1420011""","Math","Y",28,27,96.4,27,11,40.7,9,33.3,"*","*","*","*",7,25.9,454
"Tolland School District","=""1420011""","Math","N",180,180,100.0,180,"*","*",41,22.8,88,48.9,"*","*","*","*",580
"Torrington School District","=""1430011""","ELA","Y",133,112,84.2,112,42,37.5,"*","*",36,32.1,"*","*","*","*",442
"Torrington School District","=""1430011""","ELA","N",113,112,99.1,112,"*","*",18,16.1,71,63.4,"*","*","*","*",536
"Torrington School District","=""1430011""","Math","Y",133,112,84.2,111,45,40.5,56,50.5,"*","*","*","*",10,9.0,429
"Torrington School District","=""1430011""","Math","N",113,112,99.1,112,"*","*",51,45.5,36,32.1,"*","*","*","*",505
"Trumbull School District","=""1440011""","ELA","Y",116,115,99.1,115,"*","*",24,20.9,56,48.7,"*","*","*","*",503
"Trumbull School District","=""1440011""","ELA","N",445,442,99.3,442,"*","*","*","*",245,55.4,165,37.3,410,92.8,597
"Trumbull School District","=""1440011""","Math","Y",116,115,99.1,115,28,24.3,46,40.0,33,28.7,8,7.0,41,35.7,490
"Trumbull School District","=""1440011""","Math","N",445,442,99.3,442,10,2.3,115,26.0,182,41.2,135,30.5,317,71.7,589
"Unified School District #1","=""3360015""","ELA","Y",68,0,0.0,0,"*","*","*","*","*","*","*","*","*","*","*"
"Unified School District #1","=""3360015""","Math","Y",68,0,0.0,0,"*","*","*","*","*","*","*","*","*","*","*"
"Unified School District #2","=""3470015""","ELA","Y",29,23,79.3,23,11,47.8,"*","*","*","*",0,0.0,"*","*",431
"Unified School District #2","=""3470015""","Math","Y",29,23,79.3,22,15,68.2,"*","*","*","*",0,0.0,"*","*",410
"Vernon School District","=""1460011""","ELA","Y",92,85,92.4,85,39,45.9,"*","*",21,24.7,"*","*","*","*",447
"Vernon School District","=""1460011""","ELA","N",112,111,99.1,111,"*","*",25,22.5,58,52.3,"*","*","*","*",532
"Vernon School District","=""1460011""","Math","Y",92,85,92.4,84,40,47.6,31,36.9,"*","*","*","*",13,15.5,429
"Vernon School District","=""1460011""","Math","N",112,111,99.1,111,"*","*",47,42.3,44,39.6,"*","*","*","*",513
"Voluntown School District","=""1470011""","ELA","Y","*","*","*","*","*","*","*","*","*","*","*","*","*","*","*"
"Voluntown School District","=""1470011""","Math","Y","*","*","*","*","*","*","*","*","*","*","*","*","*","*","*"
"Wallingford School District","=""1480011""","ELA","Y",105,98,93.3,98,"*","*",31,31.6,33,33.7,"*","*","*","*",462
"Wallingford School District","=""1480011""","ELA","N",349,349,100.0,349,"*","*",42,12.0,226,64.8,"*","*","*","*",545
"Wallingford School District","=""1480011""","Math","Y",105,98,93.3,98,41,41.8,39,39.8,"*","*","*","*",18,18.4,443
"Wallingford School District","=""1480011""","Math","N",349,349,100.0,349,"*","*",161,46.1,137,39.3,"*","*","*","*",523
"Waterbury School District","=""1510011""","ELA","Y",902,842,93.3,842,410,48.7,196,23.3,218,25.9,18,2.1,236,28.0,436
"Waterbury School District","=""1510011""","ELA","N",294,284,96.6,284,88,31.0,69,24.3,113,39.8,14,4.9,127,44.7,473
"Waterbury School District","=""1510011""","Math","Y",902,842,93.3,833,459,55.1,301,36.1,"*","*","*","*",73,8.8,413
"Waterbury School District","=""1510011""","Math","N",294,284,96.6,284,103,36.3,137,48.2,"*","*","*","*",44,15.5,442
"Waterford School District","=""1520011""","ELA","Y",46,44,95.7,44,"*","*",12,27.3,18,40.9,"*","*","*","*",469
"Waterford School District","=""1520011""","ELA","N",156,156,100.0,156,"*","*",23,14.7,94,60.3,"*","*","*","*",564
"Waterford School District","=""1520011""","Math","Y",46,44,95.7,44,17,38.6,20,45.5,7,15.9,0,0.0,7,15.9,440
"Waterford School District","=""1520011""","Math","N",156,156,100.0,156,11,7.1,67,42.9,61,39.1,17,10.9,78,50.0,530
"Watertown School District","=""1530011""","ELA","Y",55,50,90.9,50,"*","*",15,30.0,18,36.0,"*","*","*","*",468
"Watertown School District","=""1530011""","ELA","N",151,149,98.7,149,"*","*",30,20.1,92,61.7,"*","*","*","*",542
"Watertown School District","=""1530011""","Math","Y",55,50,90.9,49,15,30.6,26,53.1,8,16.3,0,0.0,8,16.3,449
"Watertown School District","=""1530011""","Math","N",151,149,98.7,149,14,9.4,73,49.0,53,35.6,9,6.0,62,41.6,511
"West Hartford School District","=""1550011""","ELA","Y",218,206,94.5,206,47,22.8,48,23.3,92,44.7,19,9.2,111,53.9,488
"West Hartford School District","=""1550011""","ELA","N",518,517,99.8,517,11,2.1,29,5.6,254,49.1,223,43.1,477,92.3,606
"West Hartford School District","=""1550011""","Math","Y",218,206,94.5,205,69,33.7,82,40.0,42,20.5,12,5.9,54,26.3,467
"West Hartford School District","=""1550011""","Math","N",518,517,99.8,517,13,2.5,119,23.0,228,44.1,157,30.4,385,74.5,593
"West Haven School District","=""1560011""","ELA","Y",224,205,91.5,205,81,39.5,"*","*",65,31.7,"*","*","*","*",449
"West Haven School District","=""1560011""","ELA","N",122,120,98.4,120,"*","*",25,20.8,73,60.8,"*","*","*","*",523
"West Haven School District","=""1560011""","Math","Y",224,205,91.5,202,89,44.1,99,49.0,14,6.9,0,0.0,14,6.9,425
"West Haven School District","=""1560011""","Math","N",122,120,98.4,120,"*","*",60,50.0,33,27.5,"*","*","*","*",486
"Westbrook School District","=""1540011""","ELA","Y",18,18,"*",18,"*","*","*","*","*","*","*","*","*","*","*"
"Westbrook School District","=""1540011""","ELA","N",70,70,100.0,70,"*","*","*","*","*","*","*","*","*","*",556
"Westbrook School District","=""1540011""","Math","Y",18,18,"*",18,"*","*","*","*","*","*","*","*","*","*","*"
"Westbrook School District","=""1540011""","Math","N",70,70,100.0,70,"*","*","*","*","*","*","*","*","*","*",524
"Weston School District","=""1570011""","ELA","Y",16,15,"*",15,"*","*","*","*","*","*","*","*","*","*","*"
"Weston School District","=""1570011""","ELA","N",188,185,98.4,185,"*","*","*","*","*","*","*","*","*","*",635
"Weston School District","=""1570011""","Math","Y",16,15,"*",15,"*","*","*","*","*","*","*","*","*","*","*"
"Weston School District","=""1570011""","Math","N",188,185,98.4,185,"*","*","*","*","*","*","*","*","*","*",622
"Westport School District","=""1580011""","ELA","Y",67,65,97.0,65,12,18.5,7,10.8,36,55.4,10,15.4,46,70.8,524
"Westport School District","=""1580011""","ELA","N",397,394,99.2,394,7,1.8,9,2.3,153,38.8,225,57.1,378,95.9,631
"Westport School District","=""1580011""","Math","Y",67,65,97.0,65,12,18.5,29,44.6,18,27.7,6,9.2,24,36.9,504
"Westport School District","=""1580011""","Math","N",397,394,99.2,392,6,1.5,52,13.3,148,37.8,186,47.4,334,85.2,626
"Wethersfield School District","=""1590011""","ELA","Y",78,75,96.2,75,"*","*",20,26.7,31,41.3,"*","*","*","*",471
"Wethersfield School District","=""1590011""","ELA","N",231,229,99.1,229,"*","*",38,16.6,127,55.5,"*","*","*","*",562
"Wethersfield School District","=""1590011""","Math","Y",78,75,96.2,75,28,37.3,34,45.3,"*","*","*","*",13,17.3,448
"Wethersfield School District","=""1590011""","Math","N",231,229,99.1,229,"*","*",88,38.4,83,36.2,"*","*","*","*",544
"Wilton School District","=""1610011""","ELA","Y",56,52,92.9,52,"*","*","*","*",27,51.9,13,25.0,40,76.9,551
"Wilton School District","=""1610011""","ELA","N",275,271,98.5,271,"*","*","*","*",113,41.7,155,57.2,268,98.9,633
"Wilton School District","=""1610011""","Math","Y",56,52,92.9,52,"*","*",19,36.5,16,30.8,"*","*","*","*",534
"Wilton School District","=""1610011""","Math","N",275,271,98.5,270,"*","*","*","*",111,41.1,112,41.5,223,82.6,621
"Winchester School District","=""1620011""","ELA","Y",7,"*","*","*","*","*","*","*","*","*","*","*","*","*","*"
"Winchester School District","=""1620011""","Math","Y",7,"*","*","*","*","*","*","*","*","*","*","*","*","*","*"
"Windham School District","=""1630011""","ELA","Y",107,103,96.3,103,"*","*","*","*",31,30.1,"*","*","*","*",439
"Windham School District","=""1630011""","ELA","N",20,20,100.0,20,"*","*","*","*",9,45.0,"*","*","*","*",524
"Windham School District","=""1630011""","Math","Y",107,103,96.3,103,"*","*",49,47.6,"*","*",0,0.0,"*","*",423
"Windham School District","=""1630011""","Math","N",20,20,100.0,20,"*","*",11,55.0,"*","*","*","*","*","*",487
"Windsor Locks School District","=""1650011""","ELA","Y",43,41,95.3,41,12,29.3,"*","*",20,48.8,"*","*","*","*",469
"Windsor Locks School District","=""1650011""","ELA","N",65,65,100.0,65,"*","*",20,30.8,34,52.3,"*","*","*","*",506
"Windsor Locks School District","=""1650011""","Math","Y",43,41,95.3,40,14,35.0,19,47.5,7,17.5,0,0.0,7,17.5,448
"Windsor Locks School District","=""1650011""","Math","N",65,65,100.0,65,"*","*",34,52.3,20,30.8,"*","*","*","*",506
"Windsor School District","=""1640011""","ELA","Y",130,118,90.8,118,32,27.1,36,30.5,43,36.4,7,5.9,50,42.4,467
"Windsor School District","=""1640011""","ELA","N",172,170,98.8,170,6,3.5,35,20.6,101,59.4,28,16.5,129,75.9,542
"Windsor School District","=""1640011""","Math","Y",130,118,90.8,117,40,34.2,54,46.2,"*","*","*","*",23,19.7,451
"Windsor School District","=""1640011""","Math","N",172,170,98.8,170,"*","*",80,47.1,62,36.5,"*","*","*","*",523
"Wolcott School District","=""1660011""","ELA","Y",47,45,95.7,45,"*","*",15,33.3,19,42.2,"*","*","*","*",490
"Wolcott School District","=""1660011""","ELA","N",134,134,100.0,134,"*","*",14,10.4,88,65.7,"*","*","*","*",564
"Wolcott School District","=""1660011""","Math","Y",47,45,95.7,45,12,26.7,25,55.6,"*","*","*","*",8,17.8,462
"Wolcott School District","=""1660011""","Math","N",134,134,100.0,134,"*","*",47,35.1,66,49.3,"*","*","*","*",541
"Woodstock Academy District","=""9030022""","ELA","Y",21,21,100.0,21,11,52.4,"*","*",7,33.3,"*","*","*","*",447
"Woodstock Academy District","=""9030022""","ELA","N",225,222,98.7,222,12,5.4,"*","*",129,58.1,"*","*","*","*",565
"Woodstock Academy District","=""9030022""","Math","Y",21,21,100.0,21,12,57.1,"*","*","*","*",0,0.0,"*","*",416
"Woodstock Academy District","=""9030022""","Math","N",225,222,98.7,222,18,8.1,"*","*","*","*",40,18.0,"*","*",546

